Date,Close,High,Low,Open,Volume,Price_Change,Percent_Change,MA7,MA30,MA120
2024-06-03,171.98383,173.33451,169.9876,171.35814,27459100,0.66542,0.00388,172.8961,168.42536,149.46016
2024-06-04,172.59958,172.65918,170.7126,172.09308,26879600,0.61575,0.00358,172.93015,169.00503,149.79535
2024-06-05,174.20847,175.43996,172.73859,173.9999,22068500,1.60889,0.00932,172.98973,169.57278,150.15032
2024-06-06,175.51942,175.93655,174.54614,174.69511,23251000,1.31096,0.00753,173.03655,170.15542,150.51579
2024-06-07,173.26497,176.6516,173.10606,175.83722,19661400,-2.25446,-0.01284,172.83225,170.76654,150.8677
2024-06-10,174.0107,176.04899,171.77354,173.97093,23726700,0.74573,0.0043,173.27219,170.87449,151.22036
2024-06-11,175.61148,175.83023,172.77776,175.21377,21540600,1.60078,0.0092,173.88549,171.22781,151.55987
2024-06-12,176.7748,179.37985,175.1044,177.23218,27864700,1.16331,0.00662,174.56992,171.73147,151.90205
2024-06-13,174.15985,175.73083,173.88145,175.10442,20913300,-2.61494,-0.01479,174.79281,172.11221,152.20844
2024-06-14,175.78052,176.04898,173.15559,173.2252,18063600,1.62067,0.00931,175.01739,172.45561,152.51113
2024-06-17,176.22795,177.34155,173.81182,174.45812,19618500,0.44743,0.00255,175.11861,172.79339,152.80869
2024-06-18,174.09023,176.3771,173.10589,176.12852,21869900,-2.13773,-0.01213,175.2365,173.03145,153.08819
2024-06-20,175.29333,176.27767,173.99082,174.36864,20160100,1.20311,0.00691,175.41974,173.20533,153.38723
2024-06-21,178.60431,179.81734,175.60155,175.98932,57759000,3.31097,0.01889,175.84728,173.55148,153.71502
2024-06-24,178.19664,179.8571,177.64978,179.13127,18298000,-0.40767,-0.00228,176.0504,173.86484,154.04388
2024-06-25,182.97917,183.23768,178.39549,178.59435,23130200,4.78253,0.02684,177.31031,174.38099,154.42518
2024-06-26,182.83003,183.45642,181.43802,181.58717,19839000,-0.14914,-0.00082,178.31738,174.87594,154.79902
2024-06-27,184.35132,184.98766,182.96926,183.12833,18848900,1.52129,0.00832,179.47786,175.38188,155.20649
2024-06-28,181.10991,184.0729,180.92101,183.26753,29156600,-3.24141,-0.01758,180.48067,175.70793,155.5924
2024-07-01,181.94513,182.83005,180.26478,181.98489,16006100,0.83522,0.00461,181.43093,176.00654,155.95953
2024-07-02,184.18227,184.51038,180.52327,181.01048,17372500,2.23714,0.0123,182.22778,176.31748,156.32785
2024-07-03,184.75897,185.02742,182.94936,183.79451,10242100,0.57671,0.00313,183.16526,176.61918,156.68996
2024-07-05,189.51167,189.77018,184.73908,184.79873,20967500,4.7527,0.02572,184.09847,177.04851,157.09334
2024-07-08,187.95064,189.08413,186.70778,188.81567,21035900,-1.56104,-0.00824,184.82999,177.47447,157.47898
2024-07-09,187.90094,190.26736,187.64243,189.22335,15121400,-0.0497,-0.00026,185.33708,177.99246,157.86554
2024-07-10,190.08835,190.6551,187.95063,188.06994,15952500,2.18741,0.01164,186.61971,178.53569,158.27877
2024-07-11,184.51042,189.77021,184.02321,188.76598,25625800,-5.57793,-0.02934,186.98618,178.84632,158.62888
2024-07-12,184.01324,186.04159,183.43655,184.02318,22898400,-0.49718,-0.00269,186.96203,179.15692,158.95085
2024-07-15,185.46492,187.16516,183.86411,183.86411,16474000,1.45168,0.00789,187.06288,179.64138,159.28814
2024-07-16,182.8698,187.60261,182.32293,186.29016,18290700,-2.59512,-0.01399,186.11404,180.02643,159.59511
2024-07-17,179.98637,182.50193,178.87276,181.92524,20734100,-2.88342,-0.01577,184.97629,180.29318,159.86432
2024-07-18,176.6754,181.45793,175.46236,180.89118,25315700,-3.31097,-0.0184,183.37264,180.42904,160.0797
2024-07-19,176.64557,179.26054,176.1186,177.8586,18881900,-0.02983,-0.00017,181.45225,180.51028,160.29219
2024-07-22,180.63264,181.65676,179.20086,179.55881,24100300,3.98708,0.02257,180.89828,180.68072,160.52697
2024-07-23,180.75197,182.56158,180.5034,181.01049,36352700,0.11932,0.00066,180.43238,180.93028,160.77972
2024-07-24,171.64429,175.18396,170.83891,172.60875,49585200,-9.10768,-0.05039,178.45801,180.8514,161.05058
2024-07-25,166.32483,172.42977,166.23535,171.53491,44852000,-5.31946,-0.03099,176.09444,180.54185,161.26835
2024-07-26,166.04642,167.13019,163.1232,166.19555,41336900,-0.27841,-0.00167,174.10302,180.18424,161.47369
2024-07-29,168.56198,169.45684,167.03078,167.86598,20293800,2.51556,0.01515,172.94396,179.99764,161.68925
2024-07-30,169.31764,170.25228,167.47821,169.26794,18959700,0.75566,0.00448,171.89711,179.78221,161.90762
2024-07-31,170.56052,173.25505,169.03925,172.25082,25729100,1.24287,0.00734,170.45823,179.5933,162.12443
2024-08-01,169.78496,173.05618,167.9157,169.27788,24531400,-0.77556,-0.00455,168.89152,179.44979,162.33172
2024-08-02,165.70837,167.5478,163.72973,165.48963,29130100,-4.07658,-0.02401,168.04353,179.13029,162.47946
2024-08-05,158.34068,163.4911,154.04534,154.6121,53630700,-7.36769,-0.04446,166.90294,178.45484,162.57797
2024-08-06,157.38615,159.65315,155.5169,158.42022,49004600,-0.95453,-0.00603,165.66576,177.76115,162.6883
2024-08-07,158.03244,162.04936,157.56512,160.32925,25138600,0.64629,0.00411,164.16154,176.92959,162.79741
2024-08-08,161.10481,162.75534,159.29521,159.59349,25578800,3.07237,0.01944,162.98828,176.20542,162.95835
2024-08-09,162.73544,162.85475,158.15177,159.09634,28602300,1.63063,0.01012,161.87041,175.48489,163.1515
2024-08-12,161.3633,163.95839,160.91587,163.41155,15895300,-1.37215,-0.00843,160.66731,174.82667,163.32824
2024-08-13,163.22263,163.78936,162.03942,162.47691,18551700,1.85933,0.01152,160.31221,174.20259,163.50865
2024-08-14,159.45428,162.28802,156.80948,161.47269,40591100,-3.76834,-0.02309,160.47129,173.37832,163.64491
2024-08-15,160.37897,160.71702,158.69861,159.58353,31524300,0.92468,0.0058,160.89884,172.56566,163.78996
2024-08-16,162.02948,164.11748,160.20993,160.54798,24208600,1.65051,0.01029,161.46984,171.64958,164.00164
2024-08-19,165.71831,165.7382,163.32207,164.33625,22416200,3.68883,0.02277,162.12891,170.9085,164.23322
2024-08-20,166.2254,167.67707,165.86747,165.947,18341500,0.5071,0.00306,162.62748,170.18599,164.48972
2024-08-21,164.903,165.89729,163.72973,164.20698,22902000,-1.3224,-0.00796,163.13315,169.34647,164.71798
2024-08-22,162.86469,166.63304,162.37748,166.30492,22493300,-2.03831,-0.01236,163.08202,168.62495,164.94018
2024-08-23,164.6743,165.2311,162.89453,163.77945,13955700,1.80962,0.01111,163.82773,167.98032,165.20883
2024-08-26,165.21121,166.59327,163.52092,165.42996,14190400,0.53691,0.00326,164.51806,167.3052,165.48758
2024-08-27,163.73965,165.48961,163.52092,164.89303,11821900,-1.47156,-0.00891,164.76237,166.66752,165.76457
2024-08-28,161.92014,164.65443,160.60767,164.09762,16407400,-1.81952,-0.01111,164.21977,166.06532,166.00174
2024-08-29,160.85623,165.02231,159.33497,163.37178,19699800,-1.0639,-0.00657,163.45275,165.53801,166.22153
2024-08-30,162.44711,162.72551,160.76676,161.69144,22123800,1.59088,0.00989,163.1019,165.06473,166.43586
2024-09-03,156.46149,160.92585,155.58651,160.79659,38945300,-5.98563,-0.03685,162.18716,164.25902,166.59345
2024-09-04,155.55667,158.09211,155.06948,155.76548,19353800,-0.90482,-0.00578,160.88464,163.41918,166.73281
2024-09-05,156.34218,158.53955,155.08936,155.40754,18688700,0.78551,0.00505,159.61764,162.90911,166.85133
2024-09-06,150.05823,156.92877,149.69035,156.4018,37912100,-6.28395,-0.04019,157.66315,162.36689,166.93338
2024-09-09,148.05707,152.72646,146.5736,151.84037,39260500,-2.00116,-0.01334,155.68271,161.76724,166.94495
2024-09-10,148.00728,150.60582,147.68868,149.78941,31118800,-0.04979,-0.00034,153.84715,161.08209,166.96149
2024-09-11,150.49631,150.83481,146.87229,149.26175,29607700,2.48903,0.01682,152.13989,160.45471,166.98461
2024-09-12,154.01082,154.14025,151.97977,153.12473,29621500,3.51451,0.02335,151.78979,159.90305,167.04646
2024-09-13,156.76868,157.68464,154.52856,154.74758,29591200,2.75786,0.01791,151.96294,159.46918,167.10506
2024-09-16,157.36601,157.55518,155.91243,156.61931,18379800,0.59734,0.00381,152.1092,159.1911,167.17442
2024-09-17,158.62048,159.84508,157.68461,158.3218,20715600,1.25447,0.00797,153.33238,159.20043,167.24928
2024-09-18,159.10834,159.79531,157.90366,159.15812,23677300,0.48785,0.00308,154.91113,159.25783,167.32654
2024-09-19,161.4281,163.07085,160.63161,162.99121,26587700,2.31976,0.01458,156.82839,159.37102,167.42264
2024-09-20,162.87173,163.01112,161.34845,162.78213,40896400,1.44363,0.00894,158.59631,159.42992,167.49303
2024-09-23,161.13939,164.76341,160.96017,163.62841,24150900,-1.73235,-0.01064,159.61468,159.37672,167.55668
2024-09-24,161.57744,162.50336,159.98447,162.31419,23332100,0.43805,0.00272,160.30164,159.38385,167.62101
2024-09-25,160.78098,162.09517,160.59181,160.76106,18869200,-0.79646,-0.00493,160.78949,159.30247,167.71502
2024-09-26,162.01549,163.35957,161.56747,162.9215,20319300,1.23451,0.00768,161.27449,159.38784,167.80302
2024-09-27,163.23016,164.97248,161.91597,162.09517,21101300,1.21468,0.0075,161.86333,159.48288,167.8817
2024-09-30,165.12181,165.42048,162.54317,162.60292,20413900,1.89165,0.01159,162.391,159.58596,167.96165
2024-10-01,166.25681,168.41728,163.85738,166.95373,28338100,1.13499,0.00687,162.87458,159.60391,168.05487
2024-10-02,165.13177,166.78449,164.00673,165.68931,17760200,-1.12503,-0.00677,163.44492,159.56745,168.11165
2024-10-03,165.13177,165.90835,163.20029,163.68814,15073100,0.0,0.0,163.95268,159.57508,168.18234
2024-10-04,166.32651,167.49137,164.75344,167.32212,19047400,1.19473,0.00724,164.7449,159.69047,168.28673
2024-10-07,162.2644,167.74026,162.03542,166.9836,22463100,-4.0621,-0.02442,164.78046,159.61014,168.36108
2024-10-08,163.65826,164.00672,162.15488,163.22019,23072700,1.39386,0.00859,164.84162,159.55838,168.43819
2024-10-09,161.14932,164.11623,159.03864,162.73234,31181800,-2.50894,-0.01533,164.27412,159.47203,168.48992
2024-10-10,161.36836,162.35402,159.69573,160.16367,14144100,0.21904,0.00136,163.57577,159.45364,168.55937
2024-10-11,162.52327,163.18036,160.53205,161.41814,15344300,1.15491,0.00716,163.20313,159.50921,168.62032
2024-10-14,164.23573,165.50015,162.68257,162.92152,19016100,1.71246,0.01054,163.07512,159.56883,168.67915
2024-10-15,164.73352,166.94376,163.90716,165.06206,20247200,0.49779,0.00303,162.84755,159.84456,168.73493
2024-10-16,164.43484,165.07203,163.02108,163.80761,16406000,-0.29868,-0.00181,163.15762,160.1405,168.81413
2024-10-17,162.21461,165.63951,162.04536,165.00232,21453400,-2.22023,-0.0135,162.95138,160.33625,168.74281
2024-10-18,162.70248,163.98683,162.36398,162.4735,19757700,0.48787,0.00301,163.17326,160.75773,168.72357
2024-10-21,163.34964,163.77774,161.90599,162.23455,20946500,0.64716,0.00398,163.4563,161.26748,168.73761
2024-10-22,164.41493,165.04217,162.26441,162.26441,16568100,1.06529,0.00652,163.72654,161.8144,168.75159
2024-10-23,162.06528,165.09194,161.219,164.03658,18280500,-2.34966,-0.01429,163.41647,162.20003,168.72314
2024-10-24,162.00555,162.61288,160.30306,162.11507,22412500,-0.05972,-0.00037,163.02676,162.46652,168.68907
2024-10-25,164.54436,164.86294,162.70247,162.95138,19828900,2.5388,0.01567,163.04241,162.72571,168.66903
2024-10-28,165.98799,168.00908,163.23015,168.00908,32138600,1.44363,0.00877,163.58146,163.01311,168.63496
2024-10-29,168.93498,169.63192,166.35636,166.99355,42169000,2.94699,0.01775,164.47182,163.35693,168.64092
2024-10-30,173.69402,181.22082,173.29576,179.88669,68890800,4.75903,0.02817,165.94959,163.84312,168.68174
2024-10-31,170.35872,176.04366,170.2492,172.36985,44769000,-3.3353,-0.0192,166.7987,164.14081,168.7056
2024-11-01,170.53792,171.56341,168.13851,169.32329,31796500,0.1792,0.00105,168.00908,164.39634,168.72691
2024-11-04,168.49693,169.98038,167.27232,169.18389,21492700,-2.04099,-0.01197,168.93642,164.6416,168.72127
2024-11-05,168.99474,169.78126,168.09868,168.68608,18242100,0.4978,0.00295,169.57218,164.88884,168.70182
2024-11-06,175.73499,176.16311,172.73821,173.03689,33695500,6.74025,0.03988,170.96461,165.38731,168.72472
2024-11-07,179.95639,180.28494,176.41202,176.63106,25352900,4.22141,0.02402,172.5391,165.98534,168.76724
2024-11-08,177.56694,180.10573,177.29812,179.85683,22006200,-2.38945,-0.01328,173.09237,166.46323,168.78273
2024-11-11,179.55814,179.75725,177.68639,177.7959,17450400,1.9912,0.01121,174.40658,166.94444,168.80712
2024-11-12,180.82257,181.68876,178.60237,179.03049,25134900,1.26443,0.00704,175.87581,167.42997,168.85421
2024-11-13,178.0946,180.16547,177.75609,179.66767,23184000,-2.72797,-0.01509,177.24691,167.86206,168.90199
2024-11-14,174.8091,178.03488,173.55463,177.49724,31007500,-3.28551,-0.01845,178.07753,168.18464,168.91047
2024-11-15,171.73267,173.37542,170.46824,172.96721,32504600,-3.07643,-0.0176,177.50577,168.36484,168.88164
2024-11-18,174.53032,174.6697,172.14085,172.65857,20135300,2.79765,0.01629,176.73062,168.77371,168.88027
2024-11-19,177.33794,178.08464,172.79796,172.95726,23434900,2.80762,0.01609,176.6979,169.2297,168.93366
2024-11-20,175.20732,176.89985,173.01698,176.56135,18997100,-2.13062,-0.01201,176.07636,169.6983,168.96607
2024-11-21,166.894,173.36546,162.98124,173.13646,59734400,-8.31332,-0.04745,174.08656,169.88248,168.92365
2024-11-22,164.03659,165.72914,163.18037,165.12182,38604600,-2.85741,-0.01712,172.07828,169.93293,168.8523
2024-11-25,166.91391,167.88962,164.88287,165.36076,33135300,2.87732,0.01754,170.95039,170.0222,168.79151
2024-11-26,168.37746,169.0744,166.84422,166.89401,20486700,1.46355,0.00877,170.47108,170.14366,168.73199
2024-11-27,168.48695,168.73586,167.28228,168.25797,19266500,0.1095,0.00065,169.60774,170.27873,168.69218
2024-11-29,168.20819,168.68608,166.42606,167.76017,14257200,-0.27876,-0.00165,168.30349,170.47852,168.64382
2024-12-02,170.73705,171.32445,167.82987,168.02899,23789100,2.52885,0.01503,167.66488,170.74634,168.6032
2024-12-03,170.58769,171.92181,170.09985,170.73704,22248700,-0.14935,-0.00087,168.19255,170.98761,168.55164
2024-12-04,173.6044,174.14204,170.30894,170.39854,31615100,3.01671,0.01768,169.55938,171.29392,168.54701
2024-12-05,171.882,175.28699,171.57337,174.59006,21356200,-1.7224,-0.00992,170.26911,171.62115,168.51453
2024-12-06,173.94292,174.31129,171.10542,171.27468,21462400,2.06091,0.01199,171.06417,172.01906,168.49548
2024-12-09,174.80013,175.68723,173.08571,173.39472,25389600,0.85721,0.00493,171.96605,172.36092,168.5014
2024-12-10,184.56827,185.7544,180.46166,182.25581,54813000,9.76814,0.05588,174.30321,172.98026,168.57869
2024-12-11,194.76503,194.97435,184.24932,184.70782,67894100,10.19676,0.05525,177.73578,173.84126,168.71336
2024-12-12,191.3362,194.54572,191.08701,194.36631,34817500,-3.42883,-0.0176,180.69985,174.42934,168.82286
2024-12-13,189.20317,192.1037,189.02375,190.38929,25143500,-2.13303,-0.01115,182.92824,175.05748,168.87473
2024-12-16,196.02094,198.35333,191.99405,192.24324,44934900,6.81776,0.03603,186.37666,175.90692,168.98465
2024-12-17,194.78496,200.76546,194.34639,196.60901,43504000,-1.23598,-0.00631,189.3541,176.78318,169.0716
2024-12-18,187.78777,196.35982,187.12992,194.58561,34166100,-6.99719,-0.03592,191.20947,177.40962,169.12725
2024-12-19,187.8974,192.40272,187.76783,191.00727,32265200,0.10963,0.00058,191.68507,177.81503,169.17685
2024-12-20,190.78801,192.2632,184.61812,185.1763,63462900,2.89061,0.01538,191.11692,178.17609,169.2319
2024-12-23,193.99754,194.46602,189.53209,191.99407,25675000,3.20953,0.01682,191.49711,178.72377,169.30888
2024-12-24,195.47272,195.47272,193.15029,194.20684,10403300,1.47517,0.0076,192.39276,179.25426,169.35856
2024-12-26,194.96439,196.11064,193.74835,194.51584,12046600,-0.50833,-0.0026,192.24183,179.72565,169.41701
2024-12-27,192.13359,194.68528,190.03045,194.31648,18891400,-2.8308,-0.01452,191.86306,180.19362,169.45228
2024-12-30,190.61856,191.9243,188.50544,189.18324,14264700,-1.51503,-0.00789,192.26746,180.7206,169.4567
2024-12-31,188.68486,191.33622,187.89742,190.45907,17466900,-1.9337,-0.01014,192.37995,181.28568,169.49148
2025-01-02,188.81444,191.37609,186.89072,190.03047,20370800,0.12958,0.00069,192.09801,181.76181,169.53149
2025-01-03,191.16675,192.58215,189.36263,190.74811,18596200,2.35231,0.01246,191.69361,182.22277,169.57901
2025-01-06,196.23026,197.57587,193.22008,193.34965,29563600,5.06351,0.02649,191.80183,182.92354,169.69035
2025-01-07,194.85475,200.34684,193.96764,196.46948,26487200,-1.3755,-0.00701,191.78617,183.85556,169.81425
2025-01-08,193.31975,195.65214,191.75486,191.94424,24864800,-1.535,-0.00788,191.95562,184.83167,169.95295
2025-01-10,191.41594,195.88139,189.69157,193.6686,26665200,-1.90381,-0.00985,192.06953,185.6484,170.07604
2025-01-13,190.38928,190.55873,186.75115,189.45235,21823700,-1.02666,-0.00536,192.31302,186.38213,170.15734
2025-01-14,189.04367,191.35612,187.69805,190.61854,17174900,-1.34561,-0.00707,192.34577,187.06735,170.22644
2025-01-15,194.91454,195.7219,191.23652,192.46252,21776000,5.87086,0.03106,192.88117,187.95756,170.42036
2025-01-16,192.28313,194.84477,192.18345,193.50913,17815400,-2.63141,-0.0135,192.31729,188.67577,170.63668
2025-01-17,195.36307,196.58907,193.12038,195.89134,27735100,3.07994,0.01602,192.38991,189.50161,170.88099
2025-01-21,197.40642,201.63263,197.22699,198.42311,29971300,2.04335,0.01046,192.97372,190.29501,171.12136
2025-01-22,197.72537,199.82852,196.88811,198.41313,26200600,0.31895,0.00162,193.87507,191.15646,171.35809
2025-01-23,197.33665,199.64912,194.56569,197.49614,26951400,-0.38872,-0.00197,194.86755,191.93625,171.58122
2025-01-24,199.5594,200.24715,197.35658,197.45626,23877500,2.22275,0.01126,196.3698,192.76156,171.82934
2025-01-27,191.18669,196.24022,190.1102,191.78475,41728900,-8.37271,-0.04196,195.83725,192.98217,172.04166
2025-01-28,194.66536,194.84477,190.06036,192.12364,24157900,3.47867,0.0182,196.17757,192.97885,172.34437
2025-01-29,194.77499,196.1505,192.80142,194.9245,18218300,0.10963,0.00056,196.09356,193.09348,172.65594
2025-01-30,200.21725,200.74553,197.02766,197.35659,24354700,5.44226,0.02794,196.4951,193.46061,173.00748
2025-01-31,203.35701,204.81226,201.14422,201.34357,32001100,3.13976,0.01568,197.29962,193.70515,173.35958
2025-02-03,200.57607,203.08788,199.44975,200.03783,27838300,-2.78094,-0.01368,197.7624,193.89819,173.67492
2025-02-04,205.70937,206.37719,202.15096,202.72908,43856400,5.1333,0.02559,198.64096,194.49557,174.04447
2025-02-05,190.70825,192.12364,187.41897,190.4491,70373900,-15.00111,-0.07292,198.57261,194.58927,174.27352
2025-02-06,190.97739,191.47576,188.10674,188.8842,29297400,0.26913,0.00141,198.04576,194.59558,174.53621
2025-02-07,184.7377,190.55872,182.64453,190.42915,49315000,-6.23969,-0.03267,196.61186,194.28692,174.7392
2025-02-10,185.86404,187.58842,185.25603,186.74119,23105600,1.12634,0.0061,194.5614,193.96663,174.93782
2025-02-11,184.71779,186.33252,183.68116,184.42872,21239500,-1.14626,-0.00617,191.89866,193.62508,175.09615
2025-02-12,183.01334,184.50846,181.23912,182.6246,22072600,-1.70445,-0.00923,189.3897,193.32107,175.23605
2025-02-13,185.53511,185.67465,182.54486,183.72103,21402500,2.52177,0.01378,186.50766,193.15162,175.40798
2025-02-14,184.62807,185.79426,183.72104,184.45862,20448400,-0.90704,-0.00489,185.63906,193.01639,175.58935
2025-02-18,183.17284,185.35572,181.14943,184.99689,29916700,-1.45523,-0.00788,184.52413,192.82834,175.7435
2025-02-19,184.66795,184.85734,182.9934,183.47186,19549400,1.49512,0.00816,184.51416,192.61171,175.90564
2025-02-20,183.96025,184.70781,182.12623,184.19948,20441500,-0.7077,-0.00383,184.24219,192.20271,176.07414
2025-02-21,179.07619,184.73772,178.49807,184.54834,35199200,-4.88406,-0.02655,183.43625,191.67676,176.21711
2025-02-24,178.66753,182.52495,178.3087,181.39863,29854200,-0.40866,-0.00228,182.81542,191.18836,176.36554
2025-02-25,174.84996,178.15918,174.12234,177.46144,41913400,-3.81757,-0.02137,181.28897,190.63616,176.4689
2025-02-26,172.16869,175.50781,171.02243,174.50109,35431300,-2.68127,-0.01533,179.50906,190.0288,176.59979
2025-02-27,167.95244,173.99274,167.39426,173.4246,39991000,-4.21625,-0.02449,177.33471,189.32576,176.70309
2025-02-28,169.72665,170.05558,166.22807,168.13185,48130600,1.77422,0.01056,175.20024,188.48617,176.81463
2025-03-03,166.46727,172.8066,165.39078,171.37128,40770500,-3.25938,-0.0192,172.70125,187.62564,176.95137
2025-03-04,170.36456,172.72686,165.26121,165.69978,45388000,3.89729,0.02341,171.45673,186.79235,177.13726
2025-03-05,172.45776,173.21529,168.51063,169.96589,30954900,2.0932,0.01229,170.56962,185.96073,177.34102
2025-03-06,171.78995,174.24195,169.94595,169.97585,28302000,-0.66782,-0.00387,170.13247,185.09622,177.51846
2025-03-07,173.29501,174.40141,169.71668,170.70346,27385800,1.50507,0.00876,170.29338,184.29483,177.67917
2025-03-10,165.52139,168.10596,163.34598,167.90637,43604000,-7.77362,-0.04486,169.94609,183.16023,177.7521
2025-03-11,163.69524,166.39955,161.03085,164.56342,39587400,-1.82616,-0.01103,169.08446,182.24385,177.80485
2025-03-12,166.7588,167.28769,163.18633,166.22992,28372400,3.06357,0.01872,169.1261,181.31363,177.87267
2025-03-13,162.41792,165.78085,161.7693,165.69103,31756200,-4.34088,-0.02603,167.99087,180.23506,177.90025
2025-03-14,165.1422,166.14009,162.10858,162.92686,31995900,2.72427,0.01677,166.94579,179.06589,177.9312
2025-03-17,163.94472,165.9505,163.32603,164.68317,31184300,-1.19748,-0.00725,165.82504,177.75215,177.94014
2025-03-18,160.33234,163.90481,156.39064,163.33601,42074800,-3.61238,-0.02203,163.97323,176.41069,177.93341
2025-03-19,163.54556,165.5214,160.66164,161.42003,34275600,3.21323,0.02004,163.69097,175.00523,177.94982
2025-03-20,162.45786,164.54346,160.62173,161.23044,28138500,-1.08771,-0.00665,163.5142,174.06355,177.96379
2025-03-21,163.64536,163.89483,160.55186,160.8712,36625800,1.1875,0.00731,163.06942,173.15248,177.97737
2025-03-24,167.32759,167.96626,164.79294,166.71889,30879100,3.68224,0.0225,163.7708,172.57215,178.01152
2025-03-25,170.20155,170.27141,167.96627,168.62487,24174400,2.87396,0.01718,164.49357,172.05006,178.05385
2025-03-26,164.7131,169.25354,164.49357,168.64483,28901600,-5.48845,-0.03225,164.60334,171.38324,178.04098
2025-03-27,161.89903,165.07234,161.65953,164.28401,24508300,-2.81407,-0.01708,164.82715,170.67943,178.01404
2025-03-28,154.00565,161.47991,153.30712,160.1527,48669300,-7.89339,-0.04875,163.46431,169.62845,177.92133
2025-03-31,154.315,155.2131,150.34337,152.78822,54603500,0.30936,0.00201,162.30104,168.61801,177.82123
2025-04-01,156.73991,157.76775,153.29715,153.29715,30672900,2.42491,0.01571,161.31455,167.73691,177.77519
2025-04-02,156.70995,158.07708,154.37487,154.82392,25041700,-0.02997,-0.00019,159.79774,166.80498,177.71729
2025-04-03,150.40323,152.4589,150.07392,150.79241,46883400,-6.30672,-0.04024,156.96941,165.68641,177.62774
2025-04-04,145.29401,150.75251,145.07447,147.69893,62259500,-5.10922,-0.03397,154.19525,164.56034,177.49379
2025-04-07,146.44159,152.52878,140.23466,141.25252,76794100,1.14758,0.0079,151.98705,163.48614,177.35977
2025-04-08,144.39589,151.92005,142.7294,150.90219,52200200,-2.0457,-0.01397,150.61423,162.47101,177.19444
2025-04-09,158.37646,159.2147,143.60757,144.11649,70406200,13.98058,0.09682,151.19443,162.01127,177.14147
2025-04-10,152.49883,157.38852,149.61488,156.21099,48022000,-5.87764,-0.03711,150.58856,161.49615,177.042
2025-04-11,156.80974,157.33862,152.49883,152.57864,33636200,4.31091,0.02827,150.60282,161.06558,176.99696
2025-04-14,158.73569,161.38011,157.22885,159.66373,30333000,1.92595,0.01228,151.79317,160.80786,176.9639
2025-04-15,155.98149,159.31447,154.88381,158.79557,27551500,-2.7542,-0.01735,153.31996,160.32843,176.9025
2025-04-16,153.00777,155.56238,151.19158,152.77825,28187400,-2.97372,-0.01906,154.25798,159.68009,176.80744
2025-04-17,150.84232,154.35491,148.1879,153.96573,33046600,-2.16545,-0.01415,155.1789,158.98184,176.71392
2025-04-21,147.35965,148.63696,145.79296,148.56711,26049100,-3.48267,-0.02309,153.60507,158.11733,176.59187
2025-04-22,151.15167,151.87016,148.22782,148.57709,26971800,3.79202,0.02573,153.41262,157.63834,176.48026
2025-04-23,155.02351,157.19892,153.48674,155.28296,31128800,3.87184,0.02562,153.15744,157.34928,176.38889
2025-04-24,158.94525,159.2546,155.46258,155.82182,45894000,3.92174,0.0253,153.18738,157.08883,176.30564
2025-04-25,161.61961,165.75091,160.70153,164.72308,56034000,2.67436,0.01683,153.99283,157.06222,176.20502
2025-04-28,160.27245,162.8071,158.26668,162.08861,29745800,-1.34717,-0.00834,155.03064,156.89989,176.12097
2025-04-29,159.82341,160.40219,157.18896,159.98308,26809000,-0.44904,-0.0028,156.31365,156.76252,176.03168
2025-04-30,158.46626,158.93528,155.0734,157.64798,34981100,-1.35715,-0.00849,157.90031,156.70031,175.94809
2025-05-01,160.96101,161.60964,158.57604,160.11279,30203200,2.49475,0.01574,159.30164,156.61416,175.88115
2025-05-02,163.68527,164.6233,161.52981,163.06658,25715000,2.72426,0.01692,160.53904,156.65508,175.78073
2025-05-05,163.86488,165.0424,162.37801,162.65742,21341800,0.17961,0.0011,161.24184,156.66239,175.64664
2025-05-06,162.88695,164.45366,160.85124,161.82918,21277200,-0.97794,-0.00597,161.42289,156.51437,175.5243
2025-05-07,151.06186,164.65323,147.52929,163.73517,127490100,-11.82509,-0.0726,160.10709,155.87638,175.28683
2025-05-08,153.95575,155.60228,152.57864,154.67424,57498700,2.89389,0.01916,159.26886,155.5178,175.06294
2025-05-09,152.42899,154.72416,151.88014,153.846,32435300,-1.52676,-0.00992,158.40639,155.20213,174.84906
2025-05-12,158.12698,158.76564,155.92162,157.15902,44138800,5.698,0.03738,158.00153,155.33951,174.71005
2025-05-13,159.19473,160.23256,155.83182,158.45628,42382100,1.06775,0.00675,157.36002,155.50217,174.60556
2025-05-14,165.02245,166.64902,159.27456,159.62383,48755900,5.82771,0.03661,157.52539,155.77825,174.52633
2025-05-15,163.61542,165.86069,162.02875,165.49146,33146700,-1.40703,-0.00853,157.62945,156.00844,174.41198
2025-05-16,165.84073,168.99409,165.27192,167.37749,42846900,2.22531,0.0136,159.74072,156.52302,174.33392
2025-05-19,166.18999,166.28978,163.87487,164.16425,30426100,0.34926,0.00211,161.48847,157.21955,174.32805
2025-05-20,163.63536,168.14587,162.55763,166.08021,46607700,-2.55463,-0.01537,163.08938,157.79268,174.32471
2025-05-21,168.20575,172.77613,163.21626,163.34599,73416000,4.57039,0.02793,164.5292,158.58634,174.33548
2025-05-22,170.51088,176.39849,170.35123,171.48883,74864400,2.30513,0.0137,166.1458,158.99082,174.35325
2025-05-23,168.11594,169.60281,167.53715,168.70469,35211400,-2.39494,-0.01405,166.58772,159.51139,174.35016
2025-05-27,172.53662,172.80606,169.64272,169.80239,37995700,4.42068,0.0263,167.86218,160.03562,174.38623
2025-05-28,171.99776,174.90164,171.54871,172.79608,34784000,-0.53886,-0.00312,168.74176,160.47769,174.39674
2025-05-29,171.49881,174.05343,170.2714,173.63431,29317300,-0.49895,-0.0029,169.50016,160.99493,174.40433
2025-05-30,171.37906,171.84807,167.08809,170.98988,52639900,-0.11975,-0.0007,170.6064,161.60731,174.38579
2025-06-02,168.67476,169.51299,167.03821,167.48726,38612300,-2.7043,-0.01578,170.6734,162.20173,174.35906
2025-06-03,165.83073,168.1259,164.93263,167.13799,45084900,-2.84402,-0.01686,170.00481,162.81743,174.29146
2025-06-04,167.69682,167.86646,166.01037,166.38958,26900800,1.86609,0.01125,169.94494,163.36893,174.23226
2025-06-05,167.85649,170.57076,167.23778,169.982,36379100,0.15967,0.00095,169.27635,163.7967,174.093
2025-06-06,173.31499,174.13327,170.47099,170.47099,35731800,5.4585,0.03252,169.46452,164.27569,173.91425
2025-06-09,175.93265,176.31231,174.21418,174.38403,28935900,2.61766,0.0151,170.09793,164.75279,173.78589
2025-06-10,178.44041,180.94817,174.75371,176.04255,61766100,2.50777,0.01425,171.10669,165.35839,173.6962
2025-06-11,177.19153,180.20882,176.59206,179.60936,31646800,-1.24889,-0.007,172.32338,165.93733,173.53929
2025-06-12,175.543,176.56209,174.59385,176.02257,20941900,-1.64853,-0.0093,173.71084,166.50655,173.37894
2025-06-13,174.51392,176.97172,172.23595,172.28591,27663100,-1.02908,-0.00586,174.68471,166.95832,173.26832
2025-06-16,176.61205,176.78189,174.49393,174.57386,27389200,2.09813,0.01202,175.93551,167.38921,173.17428
2025-06-17,175.79277,177.20151,174.424,175.54299,24973000,-0.81927,-0.00464,176.28947,167.7868,173.04932
2025-06-18,173.16513,176.40223,173.04523,175.85271,28707500,-2.62764,-0.01495,175.89411,168.12941,172.87571
2025-06-20,166.49109,174.18421,165.31215,173.79455,75659900,-6.67404,-0.03854,174.18707,168.64372,172.6342
2025-06-23,165.04239,167.19046,161.85524,166.12143,57671000,-1.4487,-0.0087,172.45148,169.01327,172.38485
2025-06-24,166.62099,168.06969,165.98156,166.77085,40524300,1.5786,0.00956,171.1769,169.48634,172.17224
2025-06-25,170.52748,172.20599,167.40029,167.48022,35479000,3.90649,0.02345,170.60741,169.89969,172.00482
2025-06-26,173.38492,173.53479,169.78814,172.27591,31796700,2.85744,0.01676,170.1464,170.3727,171.87732
2025-06-27,178.37047,178.52033,171.57654,173.38492,108140200,4.98555,0.02875,170.51464,170.81763,171.79028
2025-06-30,176.07253,181.06806,174.42401,180.61846,63378900,-2.29794,-0.01288,170.92998,171.23287,171.6645
2025-07-01,175.68286,175.93264,173.37493,175.58296,35904500,-0.38966,-0.00221,172.24309,171.56094,171.49327
2025-07-02,178.48036,178.70017,174.91356,175.38313,29128900,2.7975,0.01592,174.1628,171.97062,171.35682
2025-07-03,179.36957,179.50944,176.89179,178.34049,21689700,0.88921,0.00498,175.98403,172.49509,171.24057
2025-07-07,176.63202,179.13979,175.52301,178.89999,34175600,-2.73755,-0.01526,176.8561,172.77597,171.11737
2025-07-08,174.20419,177.79098,172.65558,177.69108,40442500,-2.42783,-0.01375,176.97314,172.89908,170.98249
2025-07-09,176.46217,179.27966,172.61562,175.0934,43025600,2.25798,0.01296,176.70053,173.17728,170.87765
2025-07-10,177.46127,178.27055,174.22418,175.47306,29252400,0.9991,0.00566,176.89892,173.34144,170.7322
2025-07-11,180.02899,181.26787,176.3223,176.63202,34282900,2.56772,0.01447,177.5198,173.60915,170.63008
2025-07-14,181.39775,183.50587,179.51943,180.84824,32536600,1.36876,0.0076,177.93657,173.93911,170.51371
2025-07-15,181.83737,184.05539,181.43774,182.64665,33448300,0.43962,0.00242,178.28911,174.28772,170.38396
2025-07-16,182.8065,184.16529,181.86734,183.07627,33104200,0.96913,0.00533,179.17118,174.75878,170.25964
2025-07-17,183.41595,183.89552,180.31872,181.97724,31992600,0.60945,0.00333,180.48715,175.34495,170.14363
2025-07-18,184.89462,186.25341,183.54584,185.23432,34014500,1.47867,0.00806,181.69178,175.91821,170.02143
2025-07-21,189.93013,190.11995,185.98365,186.08356,45803100,5.03551,0.02723,183.47305,176.654,170.01096
2025-07-22,191.16902,191.47874,187.2925,191.32888,44660200,1.23889,0.00652,185.06448,177.24914,169.98182
2025-07-23,190.06001,192.35796,189.01095,191.32888,58681900,-1.10901,-0.0058,186.30195,177.72005,169.94253
2025-07-24,191.99828,197.77311,190.82932,196.85393,74881700,1.93826,0.0102,187.7535,178.17198,169.87404
2025-07-25,193.00737,194.15635,191.08909,191.80845,39785900,1.00909,0.00526,189.21077,178.69917,169.78779
2025-07-28,192.40791,193.8766,190.66946,193.47695,38139500,-0.59946,-0.00311,190.49534,179.26134,169.71972
2025-07-29,195.57507,195.74492,191.90835,192.25803,41389200,3.16716,0.01646,192.02111,179.96337,169.63527
2025-07-30,196.35439,197.42344,194.51603,195.42522,32445400,0.77931,0.00398,192.93886,180.62145,169.68232
2025-07-31,191.72852,195.81487,190.91924,195.53512,51329200,-4.62587,-0.02356,193.01879,181.15264,169.68858
2025-08-01,188.961,190.65948,187.65217,188.86108,34832200,-2.76752,-0.01443,192.86179,181.67917,169.72378
2025-08-04,194.86571,195.09551,189.95011,190.11995,31547400,5.90471,0.03125,193.27142,182.62499,169.79879
2025-08-05,194.49605,197.6832,193.71675,194.53602,31602300,-0.36966,-0.0019,193.48409,183.60678,169.88027
2025-08-06,195.91476,196.45429,193.49693,194.32619,21562900,1.41872,0.00729,193.98507,184.58324,169.98779
2025-08-07,196.34439,197.36347,194.15635,196.8839,26321800,0.42963,0.00219,194.09497,185.44381,170.07786
2025-08-08,201.24001,202.42894,196.9938,197.04376,39161800,4.89561,0.02493,194.79292,186.37231,170.2163
2025-08-11,200.82039,201.29996,198.89212,200.76044,25832400,-0.41962,-0.00209,196.09176,187.12064,170.36336
2025-08-12,203.15829,204.31726,200.41075,201.19005,30397900,2.33791,0.01164,198.11994,188.0235,170.51745
2025-08-13,201.77954,204.34724,197.33351,203.9476,28342900,-1.37875,-0.00679,199.10763,188.89339,170.66594
2025-08-14,202.75865,204.25731,201.05017,201.31994,25230400,0.97911,0.00485,200.28801,189.70266,170.86329
2025-08-15,203.71779,206.25553,201.10013,203.66785,34931400,0.95914,0.00473,201.40272,190.51427,171.07205
2025-08-18,203.31816,205.08658,202.30907,204.01753,18526600,-0.39963,-0.00196,202.39898,191.40381,171.30928
2025-08-19,201.38989,203.25822,199.78133,202.84858,24240200,-1.92827,-0.00948,202.42039,192.31,171.55279
2025-08-20,199.14189,201.10013,196.42432,200.55062,28955500,-2.248,-0.01116,202.1806,193.06599,171.8127
2025-08-21,199.5715,202.29906,199.25178,199.5715,19774600,0.42961,0.00216,201.6682,193.803,172.06141
2025-08-22,205.90584,208.35365,201.12012,202.54884,42827000,6.33434,0.03174,202.25768,194.66556,172.39006
2025-08-25,208.3037,210.33188,205.09656,206.24552,29928900,2.39786,0.01165,203.04982,195.56242,172.70622
2025-08-26,206.9549,207.66427,205.51618,207.32456,28464100,-1.3488,-0.00648,203.51227,196.39967,172.9937
2025-08-27,207.29459,208.72332,205.46622,205.51618,23022900,0.33969,0.00164,204.08033,197.21594,173.28957
2025-08-28,211.45088,212.03037,206.71511,207.06481,32339300,4.1563,0.02005,205.51761,198.15044,173.60754
2025-08-29,212.71974,214.45818,210.01216,210.32188,39728400,1.26886,0.006,207.45731,199.07795,174.00086
2025-09-02,211.16115,211.49084,206.01574,208.25374,47523000,-1.55859,-0.00733,209.11297,199.78565,174.39641
2025-09-03,230.45389,231.1033,224.58912,226.00787,103336100,19.29274,0.09137,212.61983,201.09514,174.9272
2025-09-04,232.09242,232.16235,225.90795,229.44478,51684200,1.63853,0.00711,216.01822,202.49622,175.50782
2025-09-05,234.79001,235.54932,231.69277,231.99251,46588900,2.69759,0.01162,219.99467,203.92261,176.08822
2025-09-08,234.03999,238.13,233.67,235.47,32474700,-0.75002,-0.00319,223.81544,205.29037,176.67235
2025-09-09,239.63,240.47,233.23,234.17,38061000,5.59001,0.02388,227.84103,206.86444,177.33316
2025-09-10,239.17,241.66,237.85001,238.89999,35141100,-0.46001,-0.00192,231.61964,208.3176,177.96336
2025-09-11,240.37,242.25,236.25,239.88,30599300,1.2,0.00502,235.79233,209.78479,178.61263
2025-09-12,240.8,242.08,238.0,240.37,26771600,0.43001,0.00179,237.27035,211.4205,179.25559
2025-09-15,251.61,252.41,244.66,244.66,58383800,10.81,0.04489,240.05857,213.5088,179.95794
2025-09-16,251.16,253.03999,249.47,252.08,34109700,-0.45,-0.00179,242.39714,215.38528,180.63259
2025-09-17,249.53,251.60001,246.28,251.22,34108000,-1.63,-0.00649,244.61,217.21975,181.3394
2025-09-18,252.03,253.99001,249.8,251.67999,31239500,2.5,0.01002,246.38143,219.09025,182.09049
2025-09-19,254.72,256.0,251.81,253.25,55571400,2.69,0.01067,248.60286,221.03611,182.92978
2025-09-22,252.53,255.78,250.3,254.42999,32290500,-2.19,-0.0086,250.34,222.74577,183.74824
2025-09-23,251.66,254.36,250.48,253.03999,26628000,-0.87,-0.00345,251.89143,224.44043,184.53924
2025-09-24,247.14,252.35001,246.44,251.66,28201000,-4.52,-0.01796,251.25286,225.90648,185.29282
2025-09-25,245.78999,246.49001,240.74001,244.39999,31020400,-1.35001,-0.00546,250.48571,227.3735,186.08771
2025-09-26,246.53999,249.42,245.97,247.07001,18503200,0.75,0.00305,250.05857,228.83288,186.93143
2025-09-29,244.05,251.14999,242.77,247.85001,32505800,-2.48999,-0.0101,248.91857,230.17728,187.74483
2025-09-30,243.10001,243.28999,239.25,242.81,34724300,-0.95,-0.00389,247.25857,231.50335,188.56737
2025-10-01,244.89999,246.3,238.61,240.75,31658200,1.79999,0.0074,246.16857,232.95368,189.28839
2025-10-02,245.69,246.81,242.3,245.14999,25483300,0.79001,0.00323,245.31571,234.50529,190.06499
2025-10-03,245.35001,246.3,241.66,244.49001,30249600,-0.34,-0.00138,245.06,236.03124,190.80282
2025-10-06,250.42999,251.32001,244.58,244.78,28894700,5.07999,0.02071,245.72286,237.51538,191.56694
2025-10-07,245.75999,250.44,245.52,248.27,23181300,-4.67,-0.01865,245.61143,238.76392,192.3151
2025-10-08,244.62,246.00999,243.82001,244.96001,21307100,-1.14,-0.00464,245.69286,240.01942,193.07853
2025-10-09,241.53,244.75999,239.14999,244.47,27892100,-3.09,-0.01263,245.46857,241.1606,193.83426
2025-10-10,236.57001,244.09,235.84,241.42999,33180300,-4.95999,-0.02054,244.27857,241.99791,194.57768
2025-10-13,244.14999,244.5,239.71001,240.21001,24995000,7.57999,0.03204,244.05857,243.04558,195.35267
2025-10-14,245.45,247.12,240.50999,241.23,22111600,1.3,0.00532,244.07285,244.18854,196.10622
2025-10-15,251.03,252.11,245.99001,247.25,27007700,5.58,0.02273,244.15857,244.87441,196.8736
2025-10-16,251.46001,256.95999,250.10001,251.77,27997200,0.43001,0.00171,244.97286,245.52,197.62227
2025-10-17,253.3,254.22,247.81,250.75999,29671600,1.84,0.00732,246.21286,246.137,198.3975
2025-10-20,256.54999,257.32999,254.23,254.69,22350200,3.24998,0.01283,248.35857,246.88733,199.20355
2025-10-21,250.46001,254.88,244.14999,254.74001,47312100,-6.08998,-0.02374,250.34286,247.24833,199.97016
2025-10-22,251.69,256.35999,249.28999,254.37,35029400,1.23,0.00491,251.42,247.66567,200.72624
2025-10-23,253.08,255.03999,251.85001,252.98,19901400,1.39,0.00552,252.51,248.08933,201.4712
2025-10-24,259.92001,261.67999,255.32001,256.57999,28655100,6.84001,0.02703,253.78,248.72667,202.27165
2025-10-27,269.26999,270.14001,264.28,264.82001,35235200,9.34998,0.03597,256.32429,249.31533,203.15818
2025-10-28,267.47,270.73001,266.5,269.69,29738600,-1.79999,-0.00668,258.34857,249.859,204.12825
2025-10-29,274.57001,275.34,267.67001,267.75,43580300,7.10001,0.02655,260.92286,250.69367,205.13337
2025-10-30,281.48001,291.59,280.06,291.59,74876000,6.91,0.02517,265.35429,251.67533,206.20879
2025-10-31,281.19,286.0,277.03,283.20999,39267900,-0.29001,-0.00103,269.56858,252.55767,207.23432
2025-11-03,283.72,285.53,279.79999,282.17999,29786000,2.53,0.009,273.94572,253.59733,208.27203
2025-11-04,277.54001,281.26999,276.26001,276.75,30078400,-6.17999,-0.02178,276.46286,254.46,209.20967
2025-11-05,284.31,286.42001,277.34,278.87,31010300,6.76999,0.02439,278.61143,255.699,210.21546
2025-11-06,284.75,288.35001,281.14001,285.32999,37173600,0.44,0.00155,281.08,256.99767,211.20637
2025-11-07,278.82999,283.78,275.19,283.20999,34479600,-5.92001,-0.02079,281.68857,258.074,212.14504
2025-11-10,290.10001,290.79999,282.85999,284.42001,29557300,11.27002,0.04042,282.92,259.609,213.19891
2025-11-11,291.31,291.92001,287.32001,287.75,19842100,1.20999,0.00417,284.36571,261.216,214.22478
2025-11-12,286.70999,292.01001,283.69,291.67999,24829900,-4.60001,-0.01579,284.79286,262.60967,215.19311
2025-11-13,278.57001,282.84,277.23999,282.34,29494000,-8.13998,-0.02839,284.94,263.70567,216.11356
2025-11-14,276.41,278.56,270.70001,271.41,31647200,-2.16,-0.00775,283.81143,264.741,216.97917
2025-11-17,285.01999,293.95001,283.57001,285.78,52670200,8.60999,0.03115,283.85,265.894,217.92102
2025-11-18,284.28,288.79999,278.20001,287.92001,49158700,-0.73999,-0.0026,284.62857,267.178,218.86086
2025-11-19,292.81,303.81,286.63,287.16,68198900,8.53,0.03001,285.01571,268.78433,219.87279
2025-11-20,289.45001,306.42001,288.67001,304.54001,62025200,-3.35999,-0.01147,284.75,270.38167,220.87925
2025-11-21,299.66,303.92001,293.85001,296.42001,74137700,10.20999,0.03527,286.6,272.48467,221.99449
2025-11-24,318.57999,319.48001,309.60001,311.13,85165100,18.91998,0.06314,292.31571,274.96567,223.25185
2025-11-25,323.44,328.82999,317.64999,326.20999,88632100,4.86002,0.01526,299.03428,277.56533,224.54838
2025-11-26,319.95001,324.5,316.79001,320.67999,51373400,-3.48999,-0.01079,304.02429,279.86267,225.77034
2025-11-28,320.17999,326.85001,316.79001,323.37,26018600,0.22998,0.00072,309.15286,282.15333,226.9724
2025-12-01,314.89001,319.85001,313.89001,317.70001,41183000,-5.28998,-0.01652,312.30715,284.20633,228.10948
2025-12-02,315.81,318.38,313.91,316.73999,35854700,0.91998,0.00292,316.07286,286.18167,229.26464
2025-12-03,319.63,321.57999,314.10001,315.89001,41838300,3.82001,0.0121,318.92572,288.48733,230.46536
2025-12-04,317.62,322.35999,314.70001,322.23001,31240900,-2.01001,-0.00629,318.78857,290.685,231.65791
2025-12-05,321.26999,323.16,319.17001,319.48999,28823600,3.64999,0.01149,318.47857,292.958,232.86339
